Model,Accuracy,Precision,Recall,F1_Score
Logistic Regression,0.5916666666666667,0.6020527859237537,0.5916666666666667,0.5942295212898717
